Title,y,"Genre (0: boys, 1: girls)",N,M,<s>,s_{CV},s_{P},<k>,k_{CV},k_{P}/(N-1),\alpha,r,C,\tau_{CV}^{node},\tau_{CV}^{edge},N_{I}/N,O,Character_bipartite_cv,Character_bipartite_cv(ratio_to_Poisson),Page_bipartite_cv,Page_bipartite_cv(ratio_to_Poisson)
Ace of Diamond,2006,0,29,180,126,1.212922847,792,12.4137931,0.452496504,0.928571429,2.289475866,-0.208462795,0.809752421,1.828895121,1.590756836,0.715814507,0.040857686,1.563619757,11.11729514,0.530748374,0.876121867
Ahiru no Sora,2004,0,22,107,282.6363636,1.124461223,1008,9.727272727,0.509495819,0.761904762,2.513454409,-0.145132806,0.800528683,1.423062365,1.685167081,0.704545455,0.070383789,1.232204686,10.75495314,0.848462953,1.404087524
Air Gear,2002,0,19,86,143.0526316,1.12097648,679,9.052631579,0.484131646,1,1.987648532,-0.43750674,0.796560294,2.310359259,2.580361912,0.806094183,0.066814929,1.345279182,10.97259016,0.483433335,0.772516085
Asari-chan,1978,1,39,61,53.33333333,2.946409361,677,3.128205128,1.209565033,0.5,1.928559911,-0.346318835,0.673689314,1.400239343,1.540314522,0.120973044,0.044404035,2.983280364,16.64451364,0.301167452,0.475015156
Ashita no Joe,1967,0,19,105,348.9473684,1.050927878,1074,11.05263158,0.402993335,0.944444444,2.965214712,-0.287544188,0.86452299,2.759632047,2.865862776,0.689750693,0.089439454,1.169898999,12.0657612,0.657109946,1.136181856
Assassination Classroom,2012,0,45,580,340.6666667,0.870378073,1311,25.77777778,0.463204665,0.863636364,1.950600257,-0.1187987,0.895352229,1.193476264,1.296515437,0.812839506,0.023905331,1.08605946,8.043034352,0.704319773,1.546348859
Astro Boy,1952,0,81,384,55.2345679,2.215757025,843,9.481481481,1.184592452,0.9,1.488940252,-0.356746034,0.780098584,1.834971781,1.526089496,0.44459686,0.0141321,2.4750819,11.22971849,0.537504802,0.90457679
Attack on Titan,2009,0,36,177,120.7222222,1.374452502,642,9.833333333,0.762711864,0.857142857,1.701536693,-0.335333573,0.72355562,2.474784704,2.1512323,0.62654321,0.037744074,1.816263689,11.3304385,0.724890621,1.188701161
Baby Steps,2007,0,23,103,139.5652174,1.422624,833,8.956521739,0.62162464,0.954545455,2.140930485,-0.430645128,0.751187197,1.806987989,2.09982968,0.608695652,0.053186028,1.796723744,14.01284268,0.527927263,0.84738941
Bad Boys,1988,0,33,176,170.5454545,1.546321275,940,10.66666667,0.677876866,0.875,1.846552484,-0.337212963,0.776452674,2.132427254,1.571876519,0.641873278,0.05037317,1.522899445,11.41174262,0.511371062,0.914817736
Baki the Grappler,1991,0,24,81,93.83333333,1.333493697,515,6.75,0.64753057,0.782608696,1.575759959,-0.234628034,0.773132736,1.735923487,1.901748647,0.574652778,0.044645439,1.577156711,11.01302682,0.52029702,0.778849851
Bakuman,2008,0,31,109,84.32258065,1.993103355,764,7.032258065,0.795841815,0.866666667,2.008229728,-0.38955406,0.779196359,1.742578414,2.078682176,0.470343392,0.054506462,2.29789114,15.27597318,0.350544358,0.564125107
Banana Fish,1985,1,29,125,95.03448276,1.406301251,547,8.620689655,0.710132382,0.928571429,1.765606589,-0.391402606,0.727587023,2.593182685,2.395779049,0.653983353,0.046749636,1.526584693,10.53461683,0.446725469,0.705951698
Bastard!!,1988,0,19,86,126.4210526,1.026320101,477,9.052631579,0.449746037,0.944444444,2.439296928,-0.359071545,0.783975098,2.598703635,2.765937401,0.753462604,0.063041468,1.124013999,9.243713651,0.43603801,0.677036852
Be-Bop High School,1983,0,28,92,101.4285714,2.048831805,845,6.571428571,0.92512708,1,1.845965573,-0.469335605,0.831198035,2.295093275,2.234887052,0.575255102,0.055757386,2.19916485,16.34646792,0.404994787,0.632131929
Black Cat,2000,0,24,95,111,1.341888792,610,7.916666667,0.663324958,0.956521739,1.872989021,-0.410624551,0.817827445,2.089906782,2.052378406,0.689236111,0.052654948,1.450997337,11.0584022,0.401344874,0.635494375
Black Clover,2015,0,46,316,128.1304348,1.374770656,975,13.73913043,0.641999623,0.955555556,1.753321032,-0.277848914,0.777851575,2.119932274,1.820360284,0.663988658,0.027844845,1.639706461,9.808488961,0.60534966,1.108359051
Black Jack,1973,0,47,71,22.68085106,2.280475264,360,3.021276596,1.692515937,0.804347826,1.001189462,-0.39037207,0.711954508,1.561517495,2.713992557,0.293798099,0.01813767,2.580106414,11.69707441,0.50209067,0.650783888
Bleach,2001,0,38,154,69.89473684,1.761327535,659,8.105263158,0.758851739,0.918918919,2.031476945,-0.270934121,0.80199666,1.742684396,1.572748147,0.515927978,0.037505464,2.053794615,12.04028594,0.387077711,0.6287343
Blue Exorcist,2009,0,19,114,308.6315789,0.925602812,1046,12,0.347295314,1,2.768827259,-0.189511485,0.860301334,2.31898738,2.23118776,0.894736842,0.102387213,1.093062234,10.35452737,0.5860934,1.065379098
Boys Over Flowers,1992,1,28,122,115.6428571,1.454400687,725,8.714285714,0.686374473,1,2.3559071,-0.353007114,0.792058844,1.820805068,1.504762263,0.489795918,0.047384677,1.75662518,12.18835329,0.486477227,0.806880873
Bride of Deimos,1975,1,54,121,30.7037037,2.149693216,430,4.481481481,1.360527385,0.716981132,1.404821126,-0.366659798,0.768240765,1.709728635,1.605446702,0.340877915,0.019983635,2.243307144,10.63217852,0.373532492,0.538334685
Candy Candy,1975,1,46,251,107,1.837860677,1122,10.91304348,0.767808781,0.911111111,1.904381072,-0.296851715,0.755932992,1.820400475,1.982072093,0.609640832,0.032867015,2.136508038,13.37962316,0.468370418,0.818995883
Captain Tsubasa,1981,0,35,310,251.7714286,1.13452326,1138,17.71428571,0.477212248,0.794117647,1.75333668,0.028963611,0.846596866,1.352289507,1.43929754,0.71755102,0.030034372,1.322085137,10.18139091,0.589316145,1.149650542
Cardcaptor Sakura,1996,1,16,84,196.125,1.06396969,855,10.5,0.299281074,1,3.168533837,-0.292832421,0.833203949,2.087777547,1.834861468,0.90234375,0.08875395,1.28181919,12.07991329,0.406219132,0.674112782
Case Closed,1994,0,54,295,163.7037037,1.613768235,1354,10.92592593,0.832505382,0.924528302,1.910533264,-0.291326053,0.876492875,1.404784437,1.54908809,0.557956104,0.041843659,1.884899441,11.54830327,0.531747654,1.087080205
Cat's Eye,1981,0,23,92,154.4347826,1.469496972,764,8,0.617894391,0.954545455,2.219464001,-0.41639389,0.802468787,1.775138018,1.566352902,0.638941399,0.062076489,1.601730442,12.7308769,0.469999966,0.789454344
Chameleon,1990,0,20,91,135.6,1.14936982,667,9.1,0.494993654,0.842105263,2.636839326,-0.269864989,0.83046287,1.932706672,1.987979524,0.7675,0.055377426,1.400587528,11.18717918,0.496716847,0.786457641
Chibi Maruko-chan,1986,1,102,297,31.84313725,3.218798794,850,5.823529412,1.912223749,0.98019802,1.539186265,-0.390848119,0.761055367,1.385436723,1.518346145,0.244905805,0.011985198,3.759950106,13.60771564,0.463429147,0.778853909
Chihayafuru,2007,1,34,190,150.7647059,1.604351993,1047,11.17647059,0.669725209,1,2.175817611,-0.333655647,0.830634864,2.049747328,2.0975439,0.589100346,0.051167601,1.971627724,13.83449098,0.502120562,0.904400683
Circuit no Okami,1975,0,13,32,81.23076923,1.116853507,306,4.923076923,0.619507113,0.833333333,2.033079005,-0.202135774,0.598168498,2.348633123,2.823955763,0.579881657,0.041018458,1.369225483,10.76120909,0.704478246,0.87627754
City Hunter,1985,0,31,74,58.77419355,1.857137799,581,4.774193548,1.007640642,0.9,1.821768483,-0.352937821,0.731386296,1.144275401,1.219443593,0.424557752,0.043345733,2.064876047,12.65832093,0.413319651,0.611636227
Cobra,1978,0,21,40,46.28571429,1.656988743,363,3.80952381,1.020263446,0.95,1.474904616,-0.477983371,0.688373712,2.042401028,2.404582773,0.532879819,0.023020338,2.036887244,13.03521034,0.514153863,0.659272893
Crest of the Royal Family,1976,1,32,163,108.1875,1.497991192,836,10.1875,0.607795594,1,2.106214842,-0.296953433,0.817333824,2.127090302,2.271851646,0.729492188,0.040671024,1.769841081,11.77310206,0.531141997,0.870636683
Crows,1990,0,18,71,118.6666667,1.009912524,422,7.888888889,0.458774577,0.764705882,2.621389791,-0.111471773,0.796644405,2.64082889,2.125505892,0.712962963,0.054278332,1.123283549,9.079392829,0.543696604,0.801607273
Cyborg 009,1964,0,29,145,278.8965517,1.23202984,1194,10,0.637343625,0.857142857,2.007720889,-0.266106712,0.760043184,2.528902822,2.629251788,0.646848989,0.063235343,1.362020185,10.91961934,0.788158601,1.430304015
D.Gray-man,2004,0,29,107,106.4137931,1.397224898,728,7.379310345,0.734016811,0.892857143,1.82509842,-0.320024966,0.785756542,1.843807426,2.756792572,0.542211653,0.043772937,1.517269979,10.34448352,0.479409893,0.784037201
Days,2013,0,28,119,113.7142857,1.509414922,806,8.5,0.650867325,0.777777778,2.077547287,-0.087698859,0.809146712,2.018862627,2.339705319,0.579081633,0.047525296,1.783967867,12.833414,0.48092435,0.774986005
Dear Boys,1989,0,21,151,919.3333333,0.722546195,2041,14.38095238,0.31058826,0.95,2.638515342,-0.117694821,0.860636721,1.453487648,1.543684915,0.839002268,0.118990981,0.777594084,9.44308509,0.561265899,1.316391477
Death Note,2003,0,28,90,99.5,1.353860081,439,6.428571429,0.778253823,0.703703704,2.165768035,-0.333251472,0.71703078,2.470757621,2.69268836,0.457908163,0.048425439,1.59570895,10.8603708,0.519044955,0.817380209
Demon Slayer: Kimetsu no Yaiba,2016,0,29,106,76.82758621,1.51153359,603,7.310344828,0.684531318,0.928571429,1.567735655,-0.235274124,0.755898866,2.689242776,2.692337013,0.640903686,0.03735121,1.991974951,12.64172374,0.553982684,0.826300394
Dobutsu no Oisha-san,1988,1,35,150,140.4,1.978419664,1150,8.571428571,0.916212008,1,2.312310665,-0.542110281,0.825262503,1.533688799,1.65976947,0.539591837,0.053650498,2.112015195,14.73229275,0.378234602,0.697348253
Dokaben,1972,0,46,325,206.6956522,1.554940846,1560,14.13043478,0.682570845,0.866666667,1.982525224,-0.286541046,0.785383611,1.983355458,1.950893599,0.694706994,0.039404463,1.720968961,12.50569634,0.510350382,1.007716055
Doraemon,1969,0,46,203,107.0434783,2.344750935,1207,8.826086957,0.975879351,0.866666667,2.059168054,-0.437803372,0.814984819,1.186993052,1.359141473,0.527410208,0.039247515,2.623392291,16.30985877,0.374931008,0.681594535
Dr. Slump,1980,0,21,85,140.3809524,1.531772373,792,8.095238095,0.636654317,0.95,2.31273614,-0.509067796,0.787775028,1.660524252,1.883045918,0.64399093,0.076360809,1.763296593,13.57019961,0.473672501,0.773207309
Dr. Toilet,1970,0,76,222,35.57894737,1.834600749,368,5.842105263,1.16724915,0.52,1.374474267,-0.26661023,0.759304777,2.261828614,2.583595468,0.31284626,0.015713029,1.773861129,7.492774556,0.540094955,0.822284365
Dragon Ball,1984,0,21,100,240.4761905,1.201885719,1096,9.523809524,0.441474801,1,2.290272213,-0.291006196,0.821274298,2.603866941,3.798712561,0.746031746,0.109464265,1.393316963,12.25874209,0.451453363,0.819360352
Dragon Quest: The Adventure of Dai,1989,0,24,118,173.25,1.28272169,925,9.833333333,0.488300349,1,2.421128632,-0.285613134,0.770318253,2.292312503,2.789061039,0.802083333,0.063670021,1.334292293,10.69863373,0.470326721,0.818083303
Eyeshield 21,2002,0,22,128,199.7272727,1.236135445,923,11.63636364,0.473220866,1,2.007318737,-0.363901545,0.77399059,1.212378682,1.386329025,0.789256198,0.057344963,1.416987941,11.92828127,0.489234672,0.858746594
Fairy Tail,2006,0,41,246,139.1707317,1.687689026,980,12,0.718983775,0.925,1.425693833,-0.350855773,0.766138755,2.036709067,2.133849507,0.700773349,0.047501168,1.799960636,11.71577408,0.490756216,0.911972464
Fire Force,2015,0,29,163,138.9655172,1.361801205,810,11.24137931,0.586202659,0.964285714,2.119344427,-0.373782101,0.819972913,2.528740181,2.473377987,0.739595719,0.040969567,1.49333347,10.72206403,0.574404371,0.957518546
Fisherman Sanpei,1973,0,20,68,128.2,1.437812705,701,6.8,0.5,0.789473684,1.457966943,-0.190635452,0.754490232,1.962731746,2.042068008,0.55,0.051810608,1.703747088,14.32711365,0.56743947,0.814922896
Fist of the North Star,1983,0,26,81,76.23076923,1.592403237,571,6.230769231,0.846106948,0.92,1.676328424,-0.459524269,0.850685365,2.371566496,3.003530373,0.576923077,0.045091466,1.757028329,11.6446152,0.535100072,0.780334698
Flame of Recca,1995,0,22,108,162.5454545,1.35088951,842,9.818181818,0.557558119,1,2.363280005,-0.439355301,0.845735969,2.0550749,2.302462491,0.644628099,0.075585879,1.449039388,11.74770404,0.397084813,0.687771071
Food Wars!: Shokugeki no Soma,2012,0,37,134,64.37837838,1.69122616,586,7.243243243,0.857933116,0.888888889,1.661140479,-0.336974857,0.720307988,2.391177476,2.423863531,0.466033601,0.026825618,1.910237845,10.56327803,0.51233377,0.796312455
Fullmetal Alchemist,2001,0,38,167,87.10526316,1.610785473,736,8.789473684,0.70480848,0.864864865,1.666468747,-0.243738661,0.735331228,1.994570689,2.224495954,0.560249307,0.040442408,1.782964595,10.84535023,0.44450697,0.743908253
Fushigi Yugi,1992,1,22,78,107.2727273,1.597845118,693,7.090909091,0.633416376,1,1.964900054,-0.340113531,0.841673226,1.653667219,2.042099772,0.710743802,0.053884383,1.868350959,14.18426203,0.416367937,0.650182436
GetBackers,1999,0,32,131,122.875,1.723801303,888,8.1875,0.819571506,0.903225806,1.708263095,-0.415965002,0.822259869,1.716669103,2.153467398,0.609375,0.053762417,1.936272371,13.49326242,0.480904697,0.81430084
Gin Tama,2004,0,37,158,105.0810811,1.69008554,793,8.540540541,0.89776423,0.916666667,1.723677092,-0.437603941,0.797984528,2.376085877,2.179173898,0.644996348,0.045294049,1.77333519,11.11660498,0.441800821,0.774601174
Glass Mask,1976,1,49,207,77.26530612,2.01628246,863,8.448979592,0.939908427,0.9375,1.778381483,-0.320511222,0.733122809,1.58361547,1.623974199,0.47938359,0.022241192,2.336775439,12.9031052,0.513035508,0.858128042
Great Teacher Onizuka,1996,0,48,122,29.625,2.230293431,453,5.083333333,1.190416809,0.893617021,1.442650786,-0.298896051,0.708470293,1.099595424,1.168347292,0.319878472,0.021628232,2.935586321,13.40575492,0.475402733,0.66799734
H2,1992,0,21,61,77.61904762,1.469827776,442,5.80952381,0.765417543,0.9,1.788837233,-0.444817964,0.678041147,1.487971691,1.525247787,0.614512472,0.032593514,1.470853987,10.30597886,0.533138072,0.755806021
Haikyu!!,2012,0,37,308,264.1081081,1.460555477,1484,16.64864865,0.533816987,0.972222222,1.802806534,-0.292075594,0.802873867,2.390060718,2.558497531,0.718772827,0.053645418,1.640002004,12.72626933,0.462105379,0.973524215
Hajime no Ippo,1989,0,27,115,145.037037,1.493644378,935,8.518518519,0.711822921,0.961538462,2.348964352,-0.432474967,0.831211658,1.493861736,1.72247246,0.566529492,0.050710519,1.761185189,13.14895964,0.467135626,0.803252986
Hayate the Combat Butler,2004,0,20,83,158.7,1.422574089,771,8.3,0.590361446,1,2.057393976,-0.421774963,0.804337687,2.031193244,1.847542524,0.7025,0.0750229,1.611891024,13.60592621,0.447609842,0.733954478
High School! Kimengumi,1980,0,64,896,317.34375,1.16336261,1484,28,0.57687831,0.841269841,1.77564361,-0.067247649,0.853803765,1.779607895,1.518348991,0.701416016,0.032876017,1.452580943,9.422551765,0.748696921,1.751627168
Hikaru no Go,1999,0,37,129,75.51351351,1.680665491,635,6.972972973,0.847765775,0.805555556,1.766836396,-0.33954904,0.709686528,1.771810325,1.624719602,0.50109569,0.035799034,1.833506961,11.12015302,0.39680722,0.644441912
Hoshin Engi,1996,0,44,182,86.45454545,1.794565941,845,8.272727273,0.81958428,0.76744186,1.687717385,-0.265199542,0.710264321,1.548777603,1.793466268,0.592458678,0.03813203,1.980592764,11.74774005,0.375882406,0.654224834
Hunter Hunter,1998,0,47,413,125.2765957,1.619140712,866,17.57446809,0.616397555,0.956521739,1.057740935,-0.2708545,0.845912261,1.751424581,2.185818594,0.670891806,0.030288803,1.836119549,10.84280138,0.648537213,1.166058658
Itazura na Kiss,1990,1,21,86,188.0952381,1.352361652,995,8.19047619,0.602410877,1,3.013697093,-0.42070857,0.830407203,1.647666841,1.749634394,0.612244898,0.077123076,1.563027448,13.41968852,0.409673808,0.714438394
Jigoku Sensei Nube,1993,0,36,166,144.0555556,1.89205757,1044,9.222222222,0.902569677,0.942857143,2.058310718,-0.558924585,0.841551092,1.387268965,1.550887925,0.617283951,0.049616802,2.016146361,13.59763102,0.450374849,0.829612618
JoJoÅfs Bizarre Adventure,1986,0,17,66,108.1176471,1.284036166,515,7.764705882,0.51235874,0.875,2.431675626,-0.455861029,0.829485547,1.902066535,2.113347472,0.6816609,0.056782452,1.507515547,11.88613313,0.574050783,0.809303017
Jujutsu Kaisen,2018,0,45,200,57.37777778,1.554373868,471,8.888888889,0.711600309,0.818181818,1.592976358,-0.251453182,0.723746208,2.094832554,2.347894135,0.534814815,0.028075479,1.80687114,9.538271772,0.463489607,0.735485469
Karakuri Circus,1997,0,22,106,159.1818182,1.477706459,752,9.636363636,0.534248873,0.952380952,2.142215682,-0.389522137,0.840148754,1.662143326,1.893020566,0.75,0.067828366,1.65607884,13.61065647,0.480705017,0.793761095
Kare Kano,1996,1,9,24,139.5555556,1.012080165,431,5.333333333,0.364434493,1,2.704619025,-0.41789748,0.755555556,1.340229155,1.22647808,0.827160494,0.128925667,1.379212885,13.53691182,0.512313311,0.713495811
Keiji,1990,0,27,115,94,1.395379933,682,8.518518519,0.65115863,1,1.626235568,-0.345260623,0.757339655,2.345240092,2.329466364,0.703703704,0.049333502,1.445012049,10.04988691,0.425371958,0.671544508
Kekkaishi,2003,0,33,151,127.6363636,1.571794295,960,9.151515152,0.729860216,0.9375,2.074937181,-0.365811355,0.782354031,1.391051507,1.773612987,0.684113866,0.055901033,1.848924731,12.72045882,0.485114788,0.839169666
Kenichi: The Mightiest Disciple,2002,0,26,117,142.3846154,1.344611264,865,9,0.582263977,0.96,1.606951747,-0.341068728,0.783912418,1.524919671,1.471807557,0.859467456,0.055282494,1.581452446,12.04797571,0.471206515,0.792109602
Kimagure Orange Road,1984,0,25,80,88.32,1.928161314,704,6.4,0.880562675,0.958333333,2.026374031,-0.560059576,0.771659544,1.448205232,1.444557554,0.5088,0.061748149,2.174115831,15.38561421,0.341920211,0.537838242
Kimi ni Todoke,2005,1,15,62,208.4,1.250464011,851,8.266666667,0.438312201,1,2.942611586,-0.512114243,0.828325008,1.884258844,1.986032517,0.977777778,0.111809037,1.424712523,13.94472636,0.421639548,0.69231879
Kinnikuman,1979,0,91,525,75.75824176,2.309796371,1218,11.53846154,1.157013122,0.866666667,1.641394926,-0.352763819,0.838086021,1.635231341,1.813715447,0.402246106,0.01775849,2.663118993,12.05939986,0.490206961,0.953700112
KochiKame: Tokyo Beat Cops,1976,0,22,65,105.3636364,1.638726554,730,5.909090909,0.793613562,1,1.803660374,-0.443603656,0.764171939,2.386517834,2.586229537,0.617768595,0.070712018,2.007429874,15.23411922,0.461140766,0.704404156
Kuroko's Basketball,2009,0,24,172,294.8333333,1.037338942,1018,14.33333333,0.409130514,0.913043478,2.298063013,-0.249127489,0.834710041,1.348631212,1.495660527,0.737847222,0.049472201,1.144487478,10.19921795,0.522791535,1.005741522
Kyo Kara Ore Wa!!,1988,0,33,105,86.06060606,1.966204876,760,6.363636364,1.01606149,0.90625,1.796218164,-0.482819647,0.822323004,2.580609512,1.561335451,0.525252525,0.054416963,2.142865254,13.76153742,0.36292527,0.599371375
L DK,2009,1,14,31,95,1.717062123,537,4.428571429,0.799323335,1,1.918348653,-0.619764114,0.866300366,0.763377963,1.92811528,0.56122449,0.119263312,1.859240691,15.83086404,0.268497762,0.394151549
Life,2002,1,8,19,135,1.017534879,454,4.75,0.345128343,1,2.84601619,-0.433962264,0.700595238,1.778613844,2.359865463,0.875,0.141791039,1.231207465,13.73086151,0.336045296,0.460004522
Magi: The Labyrinth of Magic,2009,0,29,120,107.2413793,1.422864715,699,8.275862069,0.667811517,0.821428571,2.062169299,-0.276840902,0.720713535,2.373800015,2.827722125,0.53745541,0.056506158,1.602755141,11.34100358,0.420856944,0.687572273
Magical Circle Guru Guru,1992,0,50,186,82.64,2.058200784,893,7.44,1.104495277,0.857142857,1.722552397,-0.382364202,0.781900808,2.485190627,1.912275729,0.4816,0.035748586,2.303555785,12.72180264,0.487979892,0.844652277
Magical Taruruto,1988,0,15,50,229.0666667,1.185874176,897,6.666666667,0.524404424,0.857142857,2.971157409,-0.442993908,0.722410182,1.752804153,1.820630404,0.626666667,0.116683741,1.351659785,13.36253169,0.404050301,0.68504221
Major,1994,0,54,232,59.55555556,1.992096177,592,8.592592593,0.985609145,0.735849057,1.660934305,-0.375990227,0.776701036,2.455748772,2.242534325,0.529835391,0.023136781,2.341208735,11.94211965,0.463603691,0.762783637
Marmalade Boy,1992,1,16,50,174.625,1.072541218,683,6.25,0.59464275,1,2.767412078,-0.489425772,0.833619505,2.581613424,2.031510777,0.7578125,0.096673595,1.289799267,11.75505391,0.428378765,0.693563844
Miyuki,1980,0,23,81,97.47826087,1.709703782,669,7.043478261,0.707376165,0.909090909,2.303493233,-0.470906214,0.793657791,1.36774056,1.625594596,0.533081285,0.057815486,1.967453751,14.63709246,0.395096037,0.610595038
Monkey Turn,1996,0,47,268,122.5957447,1.607815487,1178,11.40425532,0.659086632,0.934782609,2.146453907,-0.243275963,0.790165714,2.167763747,2.469179176,0.589406971,0.03198097,1.872569743,11.69100396,0.451371359,0.837608192
My Hero Academia,2014,0,45,554,238.7555556,1.068278722,1227,24.62222222,0.449596198,0.931818182,1.93618733,-0.204060611,0.849436656,1.424918789,1.720761849,0.8,0.027942686,1.443150898,9.764254648,0.727836176,1.467111996
Nana,2000,1,34,131,82.88235294,1.674934591,635,7.705882353,0.865697321,0.939393939,1.985565389,-0.432927991,0.78860396,2.560800024,2.481497531,0.461072664,0.047674639,1.893099109,11.89794341,0.42293242,0.685643768
Naruto,1999,0,23,119,263.2173913,1.343746631,1077,10.34782609,0.498178307,0.909090909,2.232769857,-0.203460322,0.844669179,1.605450937,2.001202479,0.725897921,0.089002732,1.344587385,12.14019745,0.439414884,0.827270548
Natsume's Book of Friends,2003,1,41,141,65.95121951,2.309694111,853,6.87804878,1.132666524,1,1.44045951,-0.457182825,0.796569687,2.107541426,2.925497548,0.555621654,0.035856293,2.543436732,14.86253973,0.346734033,0.560897621
Nisekoi,2011,0,16,55,201.625,1.31505071,861,6.875,0.553575904,0.8,2.514553091,-0.419641057,0.721703644,1.698072794,2.045989279,0.640625,0.101543735,1.476361199,13.91817938,0.43667432,0.723506724
Nodame Cantabile,2001,1,28,96,74.5,2.012596507,596,6.857142857,0.850984928,0.962962963,2.08058389,-0.471490547,0.759582123,1.490111868,1.747026278,0.50127551,0.047764709,2.143811193,14.02283834,0.373512884,0.57932107
Nura: Rise of the Yokai Clan,2008,0,42,359,150.5714286,1.248612296,906,17.0952381,0.500409125,0.87804878,1.826236031,-0.139161433,0.781387154,2.178399097,2.465543889,0.838435374,0.038300044,1.322296065,8.506069882,0.57138143,1.068495784
One Piece,1997,0,34,130,119.7058824,1.476040622,885,7.647058824,0.768999965,0.939393939,1.938609663,-0.2889193,0.876600194,1.720285851,1.923837753,0.60467128,0.052377835,1.661341668,11.08786662,0.462152891,0.797155575
One-Punch Man,2009,0,41,76,23.65853659,2.122672652,282,3.707317073,1.337776818,0.775,1.476320415,-0.37282586,0.641684463,2.180378123,2.668198783,0.259964307,0.015493546,2.491879851,11.15668196,0.509301292,0.657629422
Osomatsu-kun,1962,0,124,950,154.1774194,3.113242106,2380,15.32258065,1.514347267,0.959349593,1.729453013,-0.624024497,0.90659366,1.09882367,1.176111566,0.492845994,0.022504017,3.007272035,15.21810395,0.561827247,1.293383051
Ouran High School Host Club,2002,1,29,159,282.8965517,1.557867815,1295,10.96551724,0.679696449,1,2.491860847,-0.531736432,0.835635889,1.31172607,1.112302337,0.683709869,0.070250087,1.577676485,12.82379911,0.476163303,0.988038047
Patalliro!,1978,1,78,177,31.92307692,1.828468497,457,4.538461538,0.983927137,0.493506494,1.481588236,-0.166143835,0.83112304,3.418619634,3.174632415,0.126397107,0.018931991,2.158939556,8.801552847,0.368873165,0.588987138
Peach Girl,1997,1,14,32,122.5714286,1.528488904,547,4.571428571,0.654760214,0.769230769,2.903054861,-0.535380213,0.677210884,1.436529447,1.834133842,0.382653061,0.098478905,1.607529708,14.41664436,0.344282615,0.517170822
Play Ball,1973,0,16,50,205.125,1.189838064,804,6.25,0.607947366,1,2.630460246,-0.446536395,0.881410256,2.034224171,2.081943436,0.7265625,0.080549946,1.323783197,12.44901794,0.529958534,0.853146844
Psychometrer Eiji,1996,0,38,191,105.1052632,1.71193555,912,10.05263158,0.777253301,1,2.026510809,-0.369964512,0.813622017,1.99534545,2.201142492,0.541551247,0.037461163,2.019237141,13.13525625,0.466484241,0.789063294
Ranma 1/2,1987,0,14,54,241.2857143,1.078344239,908,7.714285714,0.428334574,1,2.735012811,-0.465224851,0.836032618,1.898680773,2.063509504,0.903061224,0.121852557,1.246654743,12.86533199,0.39826838,0.668631469
Rave Master,1999,0,24,77,135.5,1.444195779,851,6.416666667,0.665639846,0.826086957,2.268738381,-0.312563505,0.78470458,1.639081031,1.664687058,0.555555556,0.077418776,1.517345697,11.75330923,0.618489236,0.949495229
Reborn!,2004,0,28,155,223.8571429,1.434979022,1319,11.07142857,0.608267699,0.962962963,2.386152657,-0.420337336,0.802932199,1.805235256,1.855432266,0.664540816,0.072083981,1.555635991,12.74360662,0.414989883,0.798121561
Red River,1995,1,23,110,140.173913,1.28023892,727,9.565217391,0.517543466,0.954545455,2.031468159,-0.194607115,0.801080086,2.29468453,2.241192113,0.739130435,0.053627065,1.605844186,12.42077523,0.524880391,0.849747536
Ring ni Kakero,1977,0,26,82,69.76923077,1.719277281,481,6.307692308,0.789957792,0.84,2.072471784,-0.37981483,0.754656455,2.215923869,2.653757718,0.50591716,0.0600913,1.963660217,11.75045025,0.422031076,0.667648383
Rokudenashi Blues,1988,0,22,126,242.7272727,0.988231896,997,11.45454545,0.441814783,1,2.232950853,-0.287501765,0.84259935,1.811282859,1.937760452,0.896694215,0.080740018,1.024243667,9.338966114,0.374298841,0.694016057
Rookies,1998,0,34,192,152.6470588,1.348587219,803,11.29411765,0.655070865,0.939393939,1.704084627,-0.311032388,0.784620598,2.006026046,2.097697998,0.727508651,0.04065722,1.495318094,10.63551081,0.524694405,0.93126726
Rough,1987,0,24,66,61.41666667,1.560192898,388,5.5,0.831540772,0.782608696,1.821573088,-0.362425866,0.639654762,1.769106038,1.907290183,0.493055556,0.039759643,1.850782297,11.74189734,0.566096435,0.782948677
Rurouni Kenshin,1994,0,30,114,110.7333333,1.640840194,744,7.6,0.793556693,0.862068966,1.953044078,-0.415049586,0.778070348,2.068467403,2.10592044,0.558888889,0.057653275,1.70644409,11.48104241,0.386773927,0.669665575
Sailor Moon,1992,1,34,227,145.4117647,1.468475353,900,13.35294118,0.598811141,1,2.232122233,-0.376501307,0.815230311,1.608361948,1.370530727,0.751730104,0.033798817,1.613593572,11.36948827,0.473595851,0.84840113
Saint Seiya,1986,0,31,106,56.38709677,1.372816302,357,6.838709677,0.698909541,0.633333333,1.596947326,-0.016664916,0.690309719,1.714149283,2.412695675,0.49219563,0.021883318,1.508536976,8.421000169,0.665260273,0.928408942
Sakigake!! Otokojuku,1985,0,33,198,146.969697,1.337342221,733,12,0.688713728,0.96875,2.214216041,-0.497020845,0.849565847,1.777108468,1.526904389,0.674931129,0.03622009,1.290429901,9.149569088,0.515021261,0.906925179
Samurai Deeper Kyo,1999,0,22,65,102.8181818,1.608760787,643,5.909090909,0.780380729,0.952380952,2.327483034,-0.405130921,0.792338802,1.854561986,2.04657194,0.566115702,0.062461542,1.793115886,13.33651343,0.417700428,0.651666217
Sangokushi,1971,0,40,105,43.7,2.314123504,471,5.25,0.928998681,0.666666667,1.292902429,-0.350398041,0.673007784,1.351236473,1.329539518,0.295,0.021926077,2.233115798,11.73714277,0.619067367,0.845781531
Seito Shokun!,1977,1,35,230,268.4,1.66202644,1661,13.14285714,0.62614734,0.911764706,2.693920179,-0.404473275,0.834828392,1.876389296,1.828393751,0.767346939,0.067404926,1.757866182,14.35189203,0.479844262,0.969928278
Sensual Phrase,1997,1,19,70,121.0526316,1.571873528,657,7.368421053,0.582832633,0.944444444,2.696476296,-0.30080791,0.881632111,1.217590626,1.264150158,0.432132964,0.073547679,2.095062483,16.96598976,0.468694342,0.715942434
Seraph of the End,2012,0,30,120,91.86666667,1.613354768,653,8,0.739509973,0.827586207,1.649985386,-0.395670717,0.797372073,2.093578621,1.89637279,0.637777778,0.044077737,1.749270211,11.53722943,0.454530166,0.729949321
Shaman King,1998,0,33,139,163.7575758,1.425755803,913,8.424242424,0.778143278,0.84375,2.446953688,-0.309603318,0.825770234,2.928153586,2.107353366,0.53902663,0.047934868,1.594738469,11.49982264,0.470169584,0.866697379
Shoot!,1990,0,30,152,161.4,1.517288707,968,10.13333333,0.678812206,0.896551724,1.92734374,-0.411697515,0.807282804,2.231995323,2.048445617,0.658888889,0.0299749,1.636736405,11.98660343,0.513174196,0.914195023
Shura no Mon,1987,0,18,58,213.8888889,1.270320969,922,6.444444444,0.522956927,1,3.450786692,-0.282499213,0.815457681,2.265549042,2.364509646,0.709876543,0.088155837,1.340772043,12.56564043,0.421482615,0.719856545
Silver Fang -The Shooting Star Gin-,1983,0,31,151,107.1612903,1.47000174,621,9.741935484,0.595105985,0.8,1.936014808,-0.334185898,0.766362527,1.956265677,2.117364427,0.603537981,0.040805202,1.594293897,10.85087491,0.464735705,0.767145872
Silver Spoon,2011,0,41,251,115.0731707,1.597212733,1036,12.24390244,0.670779576,0.975,1.742049803,-0.271597018,0.785501166,2.269250571,2.561442088,0.712076145,0.03660077,1.920854654,11.73405964,0.499118793,0.902457401
Sket Dance,2007,0,57,281,117.7192982,2.247698809,1354,9.859649123,1.022993956,0.892857143,1.928137041,-0.382408107,0.797625736,2.497543575,1.910533966,0.582025239,0.037533652,2.343488736,14.03006315,0.366788571,0.712773173
Skip Beat!,2002,1,26,89,87.76923077,1.546480718,656,6.846153846,0.742253688,1,2.120344564,-0.373319565,0.806171905,2.632425228,3.084332585,0.581360947,0.045089937,1.769796749,12.290951,0.394707037,0.616512772
Slam Dunk,1990,0,22,146,351.5454545,0.936708933,1312,13.27272727,0.36430373,1,2.924576896,-0.208660582,0.85487548,1.865062684,1.944978952,0.832644628,0.070736595,1.099932886,10.40849552,0.534070947,1.045563724
Soul Eater,2004,0,32,147,156.3125,1.242404868,673,9.1875,0.645326933,0.64516129,2.020326772,-0.145556431,0.780538596,2.786093174,2.820455452,0.6015625,0.064779113,1.25849123,8.949966129,0.447011983,0.815884103
Sukeban Deka,1975,1,41,138,36.48780488,1.679625961,354,6.731707317,0.891319076,0.875,1.588970364,-0.273359546,0.737157016,1.842402552,1.90267466,0.417013682,0.021292183,2.085789833,10.19224756,0.459464267,0.663829681
Super Radical Gag Family,1993,0,65,401,180.1230769,1.783777552,1790,12.33846154,0.866548556,0.734375,2.033222174,-0.305856327,0.839740125,2.367557217,2.381737281,0.540591716,0.046129564,1.785167611,11.24252279,0.441749117,0.951217323
Tenshi Nanka Ja Nai,1991,1,31,160,166.9677419,1.633607697,1142,10.32258065,0.598386502,0.933333333,2.607058058,-0.229010563,0.81814495,1.779593777,2.063667872,0.697190427,0.05998552,1.913858177,14.41246749,0.490624804,0.874775015
The Kindaichi Case Files,1992,0,41,271,230.1463415,1.176243183,1526,13.2195122,0.475062694,1,2.383219842,-0.185857219,0.913752615,1.303532331,1.468868224,0.693634741,0.043701296,1.500803692,10.97367859,0.531625125,1.081154692
The Knight in the Area,2006,0,24,113,131.4166667,1.405775798,748,9.416666667,0.578344144,0.956521739,2.326968456,-0.354937262,0.837710846,1.965386998,1.834675983,0.671875,0.05100926,1.635292573,12.34618818,0.456257482,0.754689046
The Prince of Tennis,1999,0,33,232,208.9090909,1.173966604,1089,14.06060606,0.529023496,0.90625,1.88021788,-0.041048727,0.79345447,1.943378008,1.42376606,0.687786961,0.044201143,1.260166302,9.373920773,0.523098286,1.012906138
The Promised Neverland,2016,0,22,142,295,1.294688143,1201,12.90909091,0.407173818,1,2.83038345,-0.334554889,0.864683382,1.452927446,1.603643143,0.907024793,0.089954276,1.408733762,13.08820429,0.415259523,0.806058969
The Quintessential Quintuplets,2017,0,11,36,432.7272727,0.864536257,1081,6.545454545,0.376283811,1,2.846372354,-0.422037422,0.861327561,1.561784141,1.511965606,0.958677686,0.176442724,0.953864215,11.81966148,0.465004298,0.823911669
The Rose of Versailles,1972,1,50,233,59.64,1.716407599,522,9.32,0.87810991,0.673469388,1.722016013,-0.350500067,0.743893041,2.007928724,2.321674908,0.4668,0.021683485,1.899309782,10.33336239,0.401410497,0.646818086
The Seven Deadly Sins,2012,0,27,115,136.8888889,1.627676934,798,8.518518519,0.695135678,0.884615385,1.919559346,-0.408018163,0.739906309,2.1037507,2.089182601,0.497942387,0.062056576,1.587856414,11.63625813,0.451885731,0.775764813
The Tale of Genji,1979,1,49,215,52.85714286,2.066745995,744,8.775510204,0.913447401,0.9375,1.679875849,-0.350263992,0.736237232,2.17998762,2.27185553,0.578925448,0.023266416,2.293108419,12.40944902,0.368284607,0.578790576
To Love Ru,2006,0,26,110,164.4615385,1.631491385,946,8.461538462,0.730900045,0.96,2.516946614,-0.487829839,0.845948353,1.556259526,1.463830919,0.593195266,0.060005825,1.722059321,13.69343298,0.411897062,0.722718168
Tokimeki Tonight,1982,1,23,113,194,1.251764063,955,9.826086957,0.535708971,0.772727273,2.657937475,-0.279284961,0.815379292,1.569718692,1.610008375,0.678638941,0.060848952,1.392936569,12.07366972,0.447523963,0.773123514
Toriko,2008,0,21,66,67.14285714,1.882694613,461,6.285714286,0.630929176,0.85,1.537327447,-0.280248634,0.69844463,1.949912022,2.426427592,0.399092971,0.051032537,2.096225435,14.18782669,0.537806937,0.743755077
Touch,1981,0,26,114,121.0769231,1.563253309,677,8.769230769,0.649952054,0.88,2.24602932,-0.410920207,0.788229524,2.35402408,2.046507806,0.699704142,0.052510066,1.728847607,12.64543006,0.440514787,0.728224297
Tsubasa: Reservoir Chronicle,2003,0,25,103,163.92,1.443085229,870,8.24,0.709535394,0.916666667,2.036115831,-0.469735828,0.805053695,1.977915916,1.906849815,0.6656,0.06049187,1.437114567,11.03494388,0.506600316,0.878650496
Urusei Yatsura,1978,0,50,224,99.76,2.168210464,1177,8.96,0.998733653,0.93877551,1.862648759,-0.428065451,0.83509096,1.978579289,1.628664377,0.4932,0.036411223,2.392650587,14.25586116,0.419897495,0.755704804
Ushio and Tora,1990,0,25,93,113.44,1.473923951,705,7.44,0.68648988,0.958333333,2.195624754,-0.342816411,0.814103048,1.571646078,1.946645584,0.6384,0.055208797,1.647365667,12.15483503,0.47039284,0.74747278
Video Girl Ai,1989,0,13,34,123.8461538,1.340652692,551,5.230769231,0.541528019,1,2.363404116,-0.420684439,0.718620269,1.730115984,1.86438665,0.597633136,0.108704746,1.461754526,13.65240925,0.311101313,0.462090257
We Were There,2002,1,11,30,144.7272727,1.350953822,556,5.454545455,0.484194635,1,2.211085915,-0.554160126,0.848701299,1.641296891,2.119931412,0.809917355,0.134759362,1.521545938,15.59120631,0.298843056,0.441576878
Worst,2001,0,63,329,52.6031746,1.36527902,411,10.44444444,0.77291253,0.564516129,1.428280192,0.19197421,0.689381177,2.37152982,2.182502439,0.366591081,0.015620415,1.564071932,7.429341675,0.590408789,0.922874551
X,1992,1,20,92,85.1,1.043157312,362,9.2,0.425998216,0.894736842,1.809062344,-0.28561039,0.768865032,2.456373111,1.995730255,0.8475,0.054959083,1.125951433,8.185442347,0.43903125,0.6494704
Yona of the Dawn,2009,1,20,81,108.4,1.362710069,570,8.1,0.561558786,0.947368421,1.701055546,-0.385026392,0.80182827,1.917662927,2.382360511,0.7525,0.055575622,1.562385714,12.18761006,0.420740357,0.646778903
Yowamushi Pedal,2008,0,17,63,141.2941176,1.087033386,584,7.411764706,0.585475497,0.875,2.058885877,-0.497268953,0.691253191,2.015542052,1.888120881,0.647058824,0.057487214,1.434238444,12.0148159,0.548492529,0.834809387
Yu-Gi-Oh!,1996,0,27,93,114.8888889,1.650064278,806,6.888888889,0.878403149,0.961538462,1.847711488,-0.537593155,0.794552121,1.936537489,2.244574853,0.585733882,0.057655705,1.763104192,12.65492748,0.47056146,0.765221296
Yukan Club,1981,1,50,263,138.36,2.124901303,994,10.52,1.003694256,0.836734694,1.964560764,-0.547049425,0.851953494,1.623781595,1.330616853,0.5864,0.035278764,2.063401549,12.62082803,0.439104525,0.864718095
YuYu Hakusho,1990,0,44,162,64.59090909,1.996009993,752,7.363636364,1.047165413,0.976744186,1.640558635,-0.408660175,0.83365598,1.804183789,2.195974812,0.61518595,0.033143881,2.116274481,11.93313391,0.376749857,0.613842064
Zatch Bell!,2001,0,37,124,103.8378378,1.986758314,965,6.702702703,0.958677305,0.888888889,1.873376553,-0.379808315,0.761737767,1.280903285,2.119670729,0.485025566,0.053802806,2.085210617,13.66934257,0.316399086,0.557569234
